{"cameraMode":{"drawMode":0,"name":"Shaded","section":"Shading Mode"},"sceneLighting":true,"audioPlay":false,"sceneViewState":{"showFog":true,"showMaterialUpdate":false,"showSkybox":true,"showFlares":true,"showImageEffects":true,"showParticleSystems":true},"in2DMode":false,"pivot":{"x":8.439788818359375,"y":10.260026931762696,"z":4.125931739807129},"rotation":{"x":0.03383643180131912,"y":0.9590804576873779,"z":-0.12905701994895936,"w":0.24996717274188996},"size":6.666044235229492,"orthographic":false}