{"cameraMode":{"drawMode":0,"name":"Shaded","section":"Shading Mode"},"sceneLighting":true,"audioPlay":false,"sceneViewState":{"showFog":true,"showMaterialUpdate":false,"showSkybox":true,"showFlares":true,"showImageEffects":true,"showParticleSystems":true},"in2DMode":false,"pivot":{"x":14.373515129089356,"y":2.030564308166504,"z":-6.355277061462402},"rotation":{"x":0.26900139451026919,"y":0.7267993092536926,"z":-0.3982667922973633,"w":0.4908111095428467},"size":11.936418533325196,"orthographic":false}